date,coffee_type,price_type,price,season
2019-01-01,red_bourbon,farmgate,1978.93,off_season
2019-01-01,red_bourbon,cooperative,2115.01,off_season
2019-01-01,red_bourbon,export,6.22,off_season
2019-02-01,red_bourbon,farmgate,2025.41,off_season
2019-02-01,red_bourbon,cooperative,2144.76,off_season
2019-02-01,red_bourbon,export,5.81,off_season
2019-03-01,red_bourbon,farmgate,1761.38,main_harvest
2019-03-01,red_bourbon,cooperative,1896.28,main_harvest
2019-03-01,red_bourbon,export,6.06,main_harvest
2019-04-01,red_bourbon,farmgate,1717.37,main_harvest
2019-04-01,red_bourbon,cooperative,1871.07,main_harvest
2019-04-01,red_bourbon,export,6.26,main_harvest
2019-05-01,red_bourbon,farmgate,1773.81,main_harvest
2019-05-01,red_bourbon,cooperative,1937.31,main_harvest
2019-05-01,red_bourbon,export,6.22,main_harvest
2019-06-01,red_bourbon,farmgate,1732.29,main_harvest
2019-06-01,red_bourbon,cooperative,1877.77,main_harvest
2019-06-01,red_bourbon,export,5.94,main_harvest
2019-07-01,red_bourbon,farmgate,1833.02,main_harvest
2019-07-01,red_bourbon,cooperative,1978.67,main_harvest
2019-07-01,red_bourbon,export,6.14,main_harvest
2019-08-01,red_bourbon,farmgate,1981.45,off_season
2019-08-01,red_bourbon,cooperative,2166.13,off_season
2019-08-01,red_bourbon,export,6.22,off_season
2019-09-01,red_bourbon,farmgate,1929.81,fly_crop
2019-09-01,red_bourbon,cooperative,2076.86,fly_crop
2019-09-01,red_bourbon,export,6.38,fly_crop
2019-10-01,red_bourbon,farmgate,1984.95,fly_crop
2019-10-01,red_bourbon,cooperative,2152.59,fly_crop
2019-10-01,red_bourbon,export,6.38,fly_crop
2019-11-01,red_bourbon,farmgate,2098.61,fly_crop
2019-11-01,red_bourbon,cooperative,2257.29,fly_crop
2019-11-01,red_bourbon,export,6.2,fly_crop
2019-12-01,red_bourbon,farmgate,1932.06,fly_crop
2019-12-01,red_bourbon,cooperative,2099.48,fly_crop
2019-12-01,red_bourbon,export,6.59,fly_crop
2020-01-01,red_bourbon,farmgate,2059.83,off_season
2020-01-01,red_bourbon,cooperative,2205.92,off_season
2020-01-01,red_bourbon,export,6.2,off_season
2020-02-01,red_bourbon,farmgate,2116.23,off_season
2020-02-01,red_bourbon,cooperative,2302.52,off_season
2020-02-01,red_bourbon,export,6.53,off_season
2020-03-01,red_bourbon,farmgate,1811.65,main_harvest
2020-03-01,red_bourbon,cooperative,1961.12,main_harvest
2020-03-01,red_bourbon,export,6.42,main_harvest
2020-04-01,red_bourbon,farmgate,1868.56,main_harvest
2020-04-01,red_bourbon,cooperative,2035.63,main_harvest
2020-04-01,red_bourbon,export,6.47,main_harvest
2020-05-01,red_bourbon,farmgate,1902.18,main_harvest
2020-05-01,red_bourbon,cooperative,2055.74,main_harvest
2020-05-01,red_bourbon,export,6.51,main_harvest
2020-06-01,red_bourbon,farmgate,1907.49,main_harvest
2020-06-01,red_bourbon,cooperative,2030.07,main_harvest
2020-06-01,red_bourbon,export,6.4,main_harvest
2020-07-01,red_bourbon,farmgate,1853.33,main_harvest
2020-07-01,red_bourbon,cooperative,1988.81,main_harvest
2020-07-01,red_bourbon,export,6.44,main_harvest
2020-08-01,red_bourbon,farmgate,2224.13,off_season
2020-08-01,red_bourbon,cooperative,2381.27,off_season
2020-08-01,red_bourbon,export,6.8,off_season
2020-09-01,red_bourbon,farmgate,1952.99,fly_crop
2020-09-01,red_bourbon,cooperative,2102.16,fly_crop
2020-09-01,red_bourbon,export,6.63,fly_crop
2020-10-01,red_bourbon,farmgate,2101.64,fly_crop
2020-10-01,red_bourbon,cooperative,2285.92,fly_crop
2020-10-01,red_bourbon,export,6.8,fly_crop
2020-11-01,red_bourbon,farmgate,2052.12,fly_crop
2020-11-01,red_bourbon,cooperative,2206.04,fly_crop
2020-11-01,red_bourbon,export,6.84,fly_crop
2020-12-01,red_bourbon,farmgate,2070.35,fly_crop
2020-12-01,red_bourbon,cooperative,2207.46,fly_crop
2020-12-01,red_bourbon,export,6.4,fly_crop
2021-01-01,red_bourbon,farmgate,2112.85,off_season
2021-01-01,red_bourbon,cooperative,2293.23,off_season
2021-01-01,red_bourbon,export,6.75,off_season
2021-02-01,red_bourbon,farmgate,2226.8,off_season
2021-02-01,red_bourbon,cooperative,2394.67,off_season
2021-02-01,red_bourbon,export,6.78,off_season
2021-03-01,red_bourbon,farmgate,1978.92,main_harvest
2021-03-01,red_bourbon,cooperative,2130.62,main_harvest
2021-03-01,red_bourbon,export,6.83,main_harvest
2021-04-01,red_bourbon,farmgate,1911.56,main_harvest
2021-04-01,red_bourbon,cooperative,2056.99,main_harvest
2021-04-01,red_bourbon,export,6.65,main_harvest
2021-05-01,red_bourbon,farmgate,1887.87,main_harvest
2021-05-01,red_bourbon,cooperative,2048.82,main_harvest
2021-05-01,red_bourbon,export,6.66,main_harvest
2021-06-01,red_bourbon,farmgate,1966.68,main_harvest
2021-06-01,red_bourbon,cooperative,2134.22,main_harvest
2021-06-01,red_bourbon,export,6.91,main_harvest
2021-07-01,red_bourbon,farmgate,2013.16,main_harvest
2021-07-01,red_bourbon,cooperative,2172.08,main_harvest
2021-07-01,red_bourbon,export,6.72,main_harvest
2021-08-01,red_bourbon,farmgate,2229.22,off_season
2021-08-01,red_bourbon,cooperative,2366.93,off_season
2021-08-01,red_bourbon,export,6.55,off_season
2021-09-01,red_bourbon,farmgate,2073.07,fly_crop
2021-09-01,red_bourbon,cooperative,2216.59,fly_crop
2021-09-01,red_bourbon,export,7.01,fly_crop
2021-10-01,red_bourbon,farmgate,2108.35,fly_crop
2021-10-01,red_bourbon,cooperative,2268.41,fly_crop
2021-10-01,red_bourbon,export,7.26,fly_crop
2021-11-01,red_bourbon,farmgate,2152.46,fly_crop
2021-11-01,red_bourbon,cooperative,2341.8,fly_crop
2021-11-01,red_bourbon,export,6.74,fly_crop
2021-12-01,red_bourbon,farmgate,2170.74,fly_crop
2021-12-01,red_bourbon,cooperative,2322.13,fly_crop
2021-12-01,red_bourbon,export,6.91,fly_crop
2022-01-01,red_bourbon,farmgate,2336.13,off_season
2022-01-01,red_bourbon,cooperative,2479.44,off_season
2022-01-01,red_bourbon,export,7.15,off_season
2022-02-01,red_bourbon,farmgate,2303.82,off_season
2022-02-01,red_bourbon,cooperative,2473.34,off_season
2022-02-01,red_bourbon,export,6.71,off_season
2022-03-01,red_bourbon,farmgate,2040.78,main_harvest
2022-03-01,red_bourbon,cooperative,2192.37,main_harvest
2022-03-01,red_bourbon,export,7.1,main_harvest
2022-04-01,red_bourbon,farmgate,2045.53,main_harvest
2022-04-01,red_bourbon,cooperative,2244.56,main_harvest
2022-04-01,red_bourbon,export,7.01,main_harvest
2022-05-01,red_bourbon,farmgate,1989.01,main_harvest
2022-05-01,red_bourbon,cooperative,2151.98,main_harvest
2022-05-01,red_bourbon,export,7.15,main_harvest
2022-06-01,red_bourbon,farmgate,2143.84,main_harvest
2022-06-01,red_bourbon,cooperative,2334.68,main_harvest
2022-06-01,red_bourbon,export,7.21,main_harvest
2022-07-01,red_bourbon,farmgate,2158.44,main_harvest
2022-07-01,red_bourbon,cooperative,2303.4,main_harvest
2022-07-01,red_bourbon,export,6.99,main_harvest
2022-08-01,red_bourbon,farmgate,2275.4,off_season
2022-08-01,red_bourbon,cooperative,2447.85,off_season
2022-08-01,red_bourbon,export,6.88,off_season
2022-09-01,red_bourbon,farmgate,2303.7,fly_crop
2022-09-01,red_bourbon,cooperative,2482.47,fly_crop
2022-09-01,red_bourbon,export,6.87,fly_crop
2022-10-01,red_bourbon,farmgate,2199.98,fly_crop
2022-10-01,red_bourbon,cooperative,2383.43,fly_crop
2022-10-01,red_bourbon,export,7.48,fly_crop
2022-11-01,red_bourbon,farmgate,2414.04,fly_crop
2022-11-01,red_bourbon,cooperative,2683.13,fly_crop
2022-11-01,red_bourbon,export,7.4,fly_crop
2022-12-01,red_bourbon,farmgate,2218.23,fly_crop
2022-12-01,red_bourbon,cooperative,2344.62,fly_crop
2022-12-01,red_bourbon,export,7.39,fly_crop
2023-01-01,red_bourbon,farmgate,2326.42,off_season
2023-01-01,red_bourbon,cooperative,2502.1,off_season
2023-01-01,red_bourbon,export,7.21,off_season
2023-02-01,red_bourbon,farmgate,2383.29,off_season
2023-02-01,red_bourbon,cooperative,2601.39,off_season
2023-02-01,red_bourbon,export,7.44,off_season
2023-03-01,red_bourbon,farmgate,2120.14,main_harvest
2023-03-01,red_bourbon,cooperative,2266.03,main_harvest
2023-03-01,red_bourbon,export,6.94,main_harvest
2023-04-01,red_bourbon,farmgate,2106.91,main_harvest
2023-04-01,red_bourbon,cooperative,2274.24,main_harvest
2023-04-01,red_bourbon,export,7.85,main_harvest
2023-05-01,red_bourbon,farmgate,2154.31,main_harvest
2023-05-01,red_bourbon,cooperative,2349.52,main_harvest
2023-05-01,red_bourbon,export,7.29,main_harvest
2023-06-01,red_bourbon,farmgate,2077.19,main_harvest
2023-06-01,red_bourbon,cooperative,2221.71,main_harvest
2023-06-01,red_bourbon,export,7.26,main_harvest
2023-07-01,red_bourbon,farmgate,2299.6,main_harvest
2023-07-01,red_bourbon,cooperative,2463.17,main_harvest
2023-07-01,red_bourbon,export,7.69,main_harvest
2023-08-01,red_bourbon,farmgate,2380.08,off_season
2023-08-01,red_bourbon,cooperative,2594.43,off_season
2023-08-01,red_bourbon,export,7.66,off_season
2023-09-01,red_bourbon,farmgate,2351.42,fly_crop
2023-09-01,red_bourbon,cooperative,2538.5,fly_crop
2023-09-01,red_bourbon,export,7.39,fly_crop
2023-10-01,red_bourbon,farmgate,2402.74,fly_crop
2023-10-01,red_bourbon,cooperative,2583.16,fly_crop
2023-10-01,red_bourbon,export,7.27,fly_crop
2023-11-01,red_bourbon,farmgate,2288.28,fly_crop
2023-11-01,red_bourbon,cooperative,2475.61,fly_crop
2023-11-01,red_bourbon,export,8.04,fly_crop
2023-12-01,red_bourbon,farmgate,2399.46,fly_crop
2023-12-01,red_bourbon,cooperative,2588.34,fly_crop
2023-12-01,red_bourbon,export,7.72,fly_crop
2024-01-01,red_bourbon,farmgate,2588.05,off_season
2024-01-01,red_bourbon,cooperative,2801.22,off_season
2024-01-01,red_bourbon,export,7.58,off_season
2024-02-01,red_bourbon,farmgate,2582.24,off_season
2024-02-01,red_bourbon,cooperative,2800.78,off_season
2024-02-01,red_bourbon,export,8.14,off_season
2024-03-01,red_bourbon,farmgate,2236.41,main_harvest
2024-03-01,red_bourbon,cooperative,2385.75,main_harvest
2024-03-01,red_bourbon,export,7.32,main_harvest
2024-04-01,red_bourbon,farmgate,2342.55,main_harvest
2024-04-01,red_bourbon,cooperative,2573.57,main_harvest
2024-04-01,red_bourbon,export,7.67,main_harvest
2024-05-01,red_bourbon,farmgate,2214.08,main_harvest
2024-05-01,red_bourbon,cooperative,2426.16,main_harvest
2024-05-01,red_bourbon,export,7.45,main_harvest
2024-06-01,red_bourbon,farmgate,2187.33,main_harvest
2024-06-01,red_bourbon,cooperative,2377.51,main_harvest
2024-06-01,red_bourbon,export,7.67,main_harvest
2024-07-01,red_bourbon,farmgate,2255.14,main_harvest
2024-07-01,red_bourbon,cooperative,2431.57,main_harvest
2024-07-01,red_bourbon,export,7.89,main_harvest
2024-08-01,red_bourbon,farmgate,2660.01,off_season
2024-08-01,red_bourbon,cooperative,2875.41,off_season
2024-08-01,red_bourbon,export,8.06,off_season
2024-09-01,red_bourbon,farmgate,2312.85,fly_crop
2024-09-01,red_bourbon,cooperative,2496.66,fly_crop
2024-09-01,red_bourbon,export,7.66,fly_crop
2024-10-01,red_bourbon,farmgate,2382.49,fly_crop
2024-10-01,red_bourbon,cooperative,2550.5,fly_crop
2024-10-01,red_bourbon,export,7.83,fly_crop
2024-11-01,red_bourbon,farmgate,2549.59,fly_crop
2024-11-01,red_bourbon,cooperative,2717.03,fly_crop
2024-11-01,red_bourbon,export,7.96,fly_crop
2024-12-01,red_bourbon,farmgate,2453.73,fly_crop
2024-12-01,red_bourbon,cooperative,2641.35,fly_crop
2024-12-01,red_bourbon,export,8.25,fly_crop
2019-01-01,arabica,farmgate,1831.09,off_season
2019-01-01,arabica,cooperative,2004.03,off_season
2019-01-01,arabica,export,5.64,off_season
2019-02-01,arabica,farmgate,1772.32,off_season
2019-02-01,arabica,cooperative,1909.82,off_season
2019-02-01,arabica,export,5.74,off_season
2019-03-01,arabica,farmgate,1620.92,main_harvest
2019-03-01,arabica,cooperative,1731.61,main_harvest
2019-03-01,arabica,export,5.69,main_harvest
2019-04-01,arabica,farmgate,1630.66,main_harvest
2019-04-01,arabica,cooperative,1805.45,main_harvest
2019-04-01,arabica,export,6.08,main_harvest
2019-05-01,arabica,farmgate,1585.12,main_harvest
2019-05-01,arabica,cooperative,1707.01,main_harvest
2019-05-01,arabica,export,5.43,main_harvest
2019-06-01,arabica,farmgate,1605.0,main_harvest
2019-06-01,arabica,cooperative,1738.87,main_harvest
2019-06-01,arabica,export,6.0,main_harvest
2019-07-01,arabica,farmgate,1605.25,main_harvest
2019-07-01,arabica,cooperative,1722.33,main_harvest
2019-07-01,arabica,export,5.34,main_harvest
2019-08-01,arabica,farmgate,1849.69,off_season
2019-08-01,arabica,cooperative,1976.44,off_season
2019-08-01,arabica,export,5.74,off_season
2019-09-01,arabica,farmgate,1749.17,fly_crop
2019-09-01,arabica,cooperative,1887.32,fly_crop
2019-09-01,arabica,export,5.5,fly_crop
2019-10-01,arabica,farmgate,1724.82,fly_crop
2019-10-01,arabica,cooperative,1902.47,fly_crop
2019-10-01,arabica,export,5.62,fly_crop
2019-11-01,arabica,farmgate,1752.41,fly_crop
2019-11-01,arabica,cooperative,1927.37,fly_crop
2019-11-01,arabica,export,6.51,fly_crop
2019-12-01,arabica,farmgate,1755.87,fly_crop
2019-12-01,arabica,cooperative,1889.36,fly_crop
2019-12-01,arabica,export,6.0,fly_crop
2020-01-01,arabica,farmgate,1997.81,off_season
2020-01-01,arabica,cooperative,2136.34,off_season
2020-01-01,arabica,export,5.92,off_season
2020-02-01,arabica,farmgate,1951.9,off_season
2020-02-01,arabica,cooperative,2117.22,off_season
2020-02-01,arabica,export,5.92,off_season
2020-03-01,arabica,farmgate,1691.85,main_harvest
2020-03-01,arabica,cooperative,1802.08,main_harvest
2020-03-01,arabica,export,5.93,main_harvest
2020-04-01,arabica,farmgate,1692.23,main_harvest
2020-04-01,arabica,cooperative,1831.85,main_harvest
2020-04-01,arabica,export,5.89,main_harvest
2020-05-01,arabica,farmgate,1737.29,main_harvest
2020-05-01,arabica,cooperative,1895.27,main_harvest
2020-05-01,arabica,export,6.06,main_harvest
2020-06-01,arabica,farmgate,1738.4,main_harvest
2020-06-01,arabica,cooperative,1878.47,main_harvest
2020-06-01,arabica,export,6.06,main_harvest
2020-07-01,arabica,farmgate,1690.04,main_harvest
2020-07-01,arabica,cooperative,1831.02,main_harvest
2020-07-01,arabica,export,6.06,main_harvest
2020-08-01,arabica,farmgate,2078.9,off_season
2020-08-01,arabica,cooperative,2280.54,off_season
2020-08-01,arabica,export,6.24,off_season
2020-09-01,arabica,farmgate,1846.79,fly_crop
2020-09-01,arabica,cooperative,1972.35,fly_crop
2020-09-01,arabica,export,6.42,fly_crop
2020-10-01,arabica,farmgate,1912.82,fly_crop
2020-10-01,arabica,cooperative,2075.77,fly_crop
2020-10-01,arabica,export,5.81,fly_crop
2020-11-01,arabica,farmgate,1958.69,fly_crop
2020-11-01,arabica,cooperative,2125.0,fly_crop
2020-11-01,arabica,export,5.97,fly_crop
2020-12-01,arabica,farmgate,1886.4,fly_crop
2020-12-01,arabica,cooperative,2042.69,fly_crop
2020-12-01,arabica,export,6.25,fly_crop
2021-01-01,arabica,farmgate,1979.12,off_season
2021-01-01,arabica,cooperative,2135.23,off_season
2021-01-01,arabica,export,6.22,off_season
2021-02-01,arabica,farmgate,2013.9,off_season
2021-02-01,arabica,cooperative,2207.02,off_season
2021-02-01,arabica,export,5.74,off_season
2021-03-01,arabica,farmgate,1772.28,main_harvest
2021-03-01,arabica,cooperative,1917.44,main_harvest
2021-03-01,arabica,export,6.35,main_harvest
2021-04-01,arabica,farmgate,1772.16,main_harvest
2021-04-01,arabica,cooperative,1880.31,main_harvest
2021-04-01,arabica,export,6.38,main_harvest
2021-05-01,arabica,farmgate,1892.59,main_harvest
2021-05-01,arabica,cooperative,2012.65,main_harvest
2021-05-01,arabica,export,6.53,main_harvest
2021-06-01,arabica,farmgate,1788.73,main_harvest
2021-06-01,arabica,cooperative,1930.65,main_harvest
2021-06-01,arabica,export,6.13,main_harvest
2021-07-01,arabica,farmgate,1795.53,main_harvest
2021-07-01,arabica,cooperative,1964.38,main_harvest
2021-07-01,arabica,export,6.52,main_harvest
2021-08-01,arabica,farmgate,2160.09,off_season
2021-08-01,arabica,cooperative,2360.37,off_season
2021-08-01,arabica,export,6.56,off_season
2021-09-01,arabica,farmgate,2087.48,fly_crop
2021-09-01,arabica,cooperative,2264.37,fly_crop
2021-09-01,arabica,export,6.66,fly_crop
2021-10-01,arabica,farmgate,1973.78,fly_crop
2021-10-01,arabica,cooperative,2133.1,fly_crop
2021-10-01,arabica,export,6.33,fly_crop
2021-11-01,arabica,farmgate,2058.66,fly_crop
2021-11-01,arabica,cooperative,2197.15,fly_crop
2021-11-01,arabica,export,6.7,fly_crop
2021-12-01,arabica,farmgate,1995.63,fly_crop
2021-12-01,arabica,cooperative,2180.52,fly_crop
2021-12-01,arabica,export,6.72,fly_crop
2022-01-01,arabica,farmgate,2208.29,off_season
2022-01-01,arabica,cooperative,2402.38,off_season
2022-01-01,arabica,export,6.22,off_season
2022-02-01,arabica,farmgate,2097.81,off_season
2022-02-01,arabica,cooperative,2239.08,off_season
2022-02-01,arabica,export,6.49,off_season
2022-03-01,arabica,farmgate,1956.09,main_harvest
2022-03-01,arabica,cooperative,2126.05,main_harvest
2022-03-01,arabica,export,6.43,main_harvest
2022-04-01,arabica,farmgate,1821.32,main_harvest
2022-04-01,arabica,cooperative,1967.67,main_harvest
2022-04-01,arabica,export,6.33,main_harvest
2022-05-01,arabica,farmgate,1847.67,main_harvest
2022-05-01,arabica,cooperative,2001.71,main_harvest
2022-05-01,arabica,export,6.91,main_harvest
2022-06-01,arabica,farmgate,1927.4,main_harvest
2022-06-01,arabica,cooperative,2033.9,main_harvest
2022-06-01,arabica,export,6.73,main_harvest
2022-07-01,arabica,farmgate,1904.13,main_harvest
2022-07-01,arabica,cooperative,2064.97,main_harvest
2022-07-01,arabica,export,7.07,main_harvest
2022-08-01,arabica,farmgate,2017.57,off_season
2022-08-01,arabica,cooperative,2166.09,off_season
2022-08-01,arabica,export,6.9,off_season
2022-09-01,arabica,farmgate,1978.77,fly_crop
2022-09-01,arabica,cooperative,2168.61,fly_crop
2022-09-01,arabica,export,6.86,fly_crop
2022-10-01,arabica,farmgate,2138.09,fly_crop
2022-10-01,arabica,cooperative,2295.96,fly_crop
2022-10-01,arabica,export,6.99,fly_crop
2022-11-01,arabica,farmgate,2160.03,fly_crop
2022-11-01,arabica,cooperative,2338.26,fly_crop
2022-11-01,arabica,export,6.88,fly_crop
2022-12-01,arabica,farmgate,2117.78,fly_crop
2022-12-01,arabica,cooperative,2267.45,fly_crop
2022-12-01,arabica,export,6.81,fly_crop
2023-01-01,arabica,farmgate,2181.21,off_season
2023-01-01,arabica,cooperative,2364.73,off_season
2023-01-01,arabica,export,7.13,off_season
2023-02-01,arabica,farmgate,2129.5,off_season
2023-02-01,arabica,cooperative,2296.98,off_season
2023-02-01,arabica,export,7.28,off_season
2023-03-01,arabica,farmgate,1913.88,main_harvest
2023-03-01,arabica,cooperative,2050.0,main_harvest
2023-03-01,arabica,export,6.94,main_harvest
2023-04-01,arabica,farmgate,2014.51,main_harvest
2023-04-01,arabica,cooperative,2175.92,main_harvest
2023-04-01,arabica,export,7.24,main_harvest
2023-05-01,arabica,farmgate,2022.62,main_harvest
2023-05-01,arabica,cooperative,2202.82,main_harvest
2023-05-01,arabica,export,7.08,main_harvest
2023-06-01,arabica,farmgate,2117.32,main_harvest
2023-06-01,arabica,cooperative,2282.02,main_harvest
2023-06-01,arabica,export,6.48,main_harvest
2023-07-01,arabica,farmgate,2081.91,main_harvest
2023-07-01,arabica,cooperative,2238.17,main_harvest
2023-07-01,arabica,export,7.02,main_harvest
2023-08-01,arabica,farmgate,2336.31,off_season
2023-08-01,arabica,cooperative,2482.79,off_season
2023-08-01,arabica,export,6.76,off_season
2023-09-01,arabica,farmgate,2066.68,fly_crop
2023-09-01,arabica,cooperative,2214.29,fly_crop
2023-09-01,arabica,export,7.19,fly_crop
2023-10-01,arabica,farmgate,2213.03,fly_crop
2023-10-01,arabica,cooperative,2396.68,fly_crop
2023-10-01,arabica,export,6.75,fly_crop
2023-11-01,arabica,farmgate,2035.04,fly_crop
2023-11-01,arabica,cooperative,2199.04,fly_crop
2023-11-01,arabica,export,7.01,fly_crop
2023-12-01,arabica,farmgate,2224.62,fly_crop
2023-12-01,arabica,cooperative,2419.45,fly_crop
2023-12-01,arabica,export,7.19,fly_crop
2024-01-01,arabica,farmgate,2340.73,off_season
2024-01-01,arabica,cooperative,2533.78,off_season
2024-01-01,arabica,export,7.33,off_season
2024-02-01,arabica,farmgate,2248.1,off_season
2024-02-01,arabica,cooperative,2423.58,off_season
2024-02-01,arabica,export,7.27,off_season
2024-03-01,arabica,farmgate,2094.15,main_harvest
2024-03-01,arabica,cooperative,2252.78,main_harvest
2024-03-01,arabica,export,7.33,main_harvest
2024-04-01,arabica,farmgate,2034.68,main_harvest
2024-04-01,arabica,cooperative,2194.87,main_harvest
2024-04-01,arabica,export,7.43,main_harvest
2024-05-01,arabica,farmgate,1935.16,main_harvest
2024-05-01,arabica,cooperative,2062.88,main_harvest
2024-05-01,arabica,export,6.87,main_harvest
2024-06-01,arabica,farmgate,1920.82,main_harvest
2024-06-01,arabica,cooperative,2060.41,main_harvest
2024-06-01,arabica,export,7.46,main_harvest
2024-07-01,arabica,farmgate,2054.89,main_harvest
2024-07-01,arabica,cooperative,2223.67,main_harvest
2024-07-01,arabica,export,7.58,main_harvest
2024-08-01,arabica,farmgate,2438.72,off_season
2024-08-01,arabica,cooperative,2631.99,off_season
2024-08-01,arabica,export,7.73,off_season
2024-09-01,arabica,farmgate,2270.86,fly_crop
2024-09-01,arabica,cooperative,2431.99,fly_crop
2024-09-01,arabica,export,7.23,fly_crop
2024-10-01,arabica,farmgate,2171.48,fly_crop
2024-10-01,arabica,cooperative,2324.37,fly_crop
2024-10-01,arabica,export,7.32,fly_crop
2024-11-01,arabica,farmgate,2335.18,fly_crop
2024-11-01,arabica,cooperative,2565.39,fly_crop
2024-11-01,arabica,export,7.08,fly_crop
2024-12-01,arabica,farmgate,2314.98,fly_crop
2024-12-01,arabica,cooperative,2474.16,fly_crop
2024-12-01,arabica,export,7.58,fly_crop
2019-01-01,bourbon_mayaguez,farmgate,1879.38,off_season
2019-01-01,bourbon_mayaguez,cooperative,1992.57,off_season
2019-01-01,bourbon_mayaguez,export,6.05,off_season
2019-02-01,bourbon_mayaguez,farmgate,1860.89,off_season
2019-02-01,bourbon_mayaguez,cooperative,1999.03,off_season
2019-02-01,bourbon_mayaguez,export,5.67,off_season
2019-03-01,bourbon_mayaguez,farmgate,1655.12,main_harvest
2019-03-01,bourbon_mayaguez,cooperative,1795.18,main_harvest
2019-03-01,bourbon_mayaguez,export,5.83,main_harvest
2019-04-01,bourbon_mayaguez,farmgate,1712.51,main_harvest
2019-04-01,bourbon_mayaguez,cooperative,1856.2,main_harvest
2019-04-01,bourbon_mayaguez,export,6.17,main_harvest
2019-05-01,bourbon_mayaguez,farmgate,1685.8,main_harvest
2019-05-01,bourbon_mayaguez,cooperative,1793.78,main_harvest
2019-05-01,bourbon_mayaguez,export,6.15,main_harvest
2019-06-01,bourbon_mayaguez,farmgate,1693.83,main_harvest
2019-06-01,bourbon_mayaguez,cooperative,1849.73,main_harvest
2019-06-01,bourbon_mayaguez,export,6.03,main_harvest
2019-07-01,bourbon_mayaguez,farmgate,1711.62,main_harvest
2019-07-01,bourbon_mayaguez,cooperative,1854.99,main_harvest
2019-07-01,bourbon_mayaguez,export,6.39,main_harvest
2019-08-01,bourbon_mayaguez,farmgate,2067.5,off_season
2019-08-01,bourbon_mayaguez,cooperative,2234.45,off_season
2019-08-01,bourbon_mayaguez,export,6.08,off_season
2019-09-01,bourbon_mayaguez,farmgate,1941.69,fly_crop
2019-09-01,bourbon_mayaguez,cooperative,2079.29,fly_crop
2019-09-01,bourbon_mayaguez,export,6.13,fly_crop
2019-10-01,bourbon_mayaguez,farmgate,1887.67,fly_crop
2019-10-01,bourbon_mayaguez,cooperative,2045.08,fly_crop
2019-10-01,bourbon_mayaguez,export,5.91,fly_crop
2019-11-01,bourbon_mayaguez,farmgate,1806.83,fly_crop
2019-11-01,bourbon_mayaguez,cooperative,1910.92,fly_crop
2019-11-01,bourbon_mayaguez,export,5.87,fly_crop
2019-12-01,bourbon_mayaguez,farmgate,1879.25,fly_crop
2019-12-01,bourbon_mayaguez,cooperative,2023.64,fly_crop
2019-12-01,bourbon_mayaguez,export,6.55,fly_crop
2020-01-01,bourbon_mayaguez,farmgate,2054.67,off_season
2020-01-01,bourbon_mayaguez,cooperative,2197.7,off_season
2020-01-01,bourbon_mayaguez,export,6.26,off_season
2020-02-01,bourbon_mayaguez,farmgate,1972.79,off_season
2020-02-01,bourbon_mayaguez,cooperative,2124.55,off_season
2020-02-01,bourbon_mayaguez,export,6.25,off_season
2020-03-01,bourbon_mayaguez,farmgate,1811.65,main_harvest
2020-03-01,bourbon_mayaguez,cooperative,1949.94,main_harvest
2020-03-01,bourbon_mayaguez,export,6.42,main_harvest
2020-04-01,bourbon_mayaguez,farmgate,1724.95,main_harvest
2020-04-01,bourbon_mayaguez,cooperative,1863.07,main_harvest
2020-04-01,bourbon_mayaguez,export,6.78,main_harvest
2020-05-01,bourbon_mayaguez,farmgate,1805.67,main_harvest
2020-05-01,bourbon_mayaguez,cooperative,1978.08,main_harvest
2020-05-01,bourbon_mayaguez,export,6.26,main_harvest
2020-06-01,bourbon_mayaguez,farmgate,1832.58,main_harvest
2020-06-01,bourbon_mayaguez,cooperative,1978.07,main_harvest
2020-06-01,bourbon_mayaguez,export,6.23,main_harvest
2020-07-01,bourbon_mayaguez,farmgate,1766.43,main_harvest
2020-07-01,bourbon_mayaguez,cooperative,1915.96,main_harvest
2020-07-01,bourbon_mayaguez,export,6.1,main_harvest
2020-08-01,bourbon_mayaguez,farmgate,2089.02,off_season
2020-08-01,bourbon_mayaguez,cooperative,2280.62,off_season
2020-08-01,bourbon_mayaguez,export,6.45,off_season
2020-09-01,bourbon_mayaguez,farmgate,1962.01,fly_crop
2020-09-01,bourbon_mayaguez,cooperative,2128.59,fly_crop
2020-09-01,bourbon_mayaguez,export,6.31,fly_crop
2020-10-01,bourbon_mayaguez,farmgate,2042.95,fly_crop
2020-10-01,bourbon_mayaguez,cooperative,2165.97,fly_crop
2020-10-01,bourbon_mayaguez,export,6.33,fly_crop
2020-11-01,bourbon_mayaguez,farmgate,1876.17,fly_crop
2020-11-01,bourbon_mayaguez,cooperative,1995.97,fly_crop
2020-11-01,bourbon_mayaguez,export,6.73,fly_crop
2020-12-01,bourbon_mayaguez,farmgate,2057.32,fly_crop
2020-12-01,bourbon_mayaguez,cooperative,2205.92,fly_crop
2020-12-01,bourbon_mayaguez,export,6.11,fly_crop
2021-01-01,bourbon_mayaguez,farmgate,1904.65,off_season
2021-01-01,bourbon_mayaguez,cooperative,2045.84,off_season
2021-01-01,bourbon_mayaguez,export,7.05,off_season
2021-02-01,bourbon_mayaguez,farmgate,2126.45,off_season
2021-02-01,bourbon_mayaguez,cooperative,2283.72,off_season
2021-02-01,bourbon_mayaguez,export,6.63,off_season
2021-03-01,bourbon_mayaguez,farmgate,1781.44,main_harvest
2021-03-01,bourbon_mayaguez,cooperative,1918.24,main_harvest
2021-03-01,bourbon_mayaguez,export,6.52,main_harvest
2021-04-01,bourbon_mayaguez,farmgate,1871.65,main_harvest
2021-04-01,bourbon_mayaguez,cooperative,2037.36,main_harvest
2021-04-01,bourbon_mayaguez,export,6.61,main_harvest
2021-05-01,bourbon_mayaguez,farmgate,1921.8,main_harvest
2021-05-01,bourbon_mayaguez,cooperative,2061.25,main_harvest
2021-05-01,bourbon_mayaguez,export,6.76,main_harvest
2021-06-01,bourbon_mayaguez,farmgate,1983.99,main_harvest
2021-06-01,bourbon_mayaguez,cooperative,2121.92,main_harvest
2021-06-01,bourbon_mayaguez,export,6.38,main_harvest
2021-07-01,bourbon_mayaguez,farmgate,1975.18,main_harvest
2021-07-01,bourbon_mayaguez,cooperative,2129.12,main_harvest
2021-07-01,bourbon_mayaguez,export,6.93,main_harvest
2021-08-01,bourbon_mayaguez,farmgate,2121.46,off_season
2021-08-01,bourbon_mayaguez,cooperative,2324.52,off_season
2021-08-01,bourbon_mayaguez,export,6.71,off_season
2021-09-01,bourbon_mayaguez,farmgate,2093.14,fly_crop
2021-09-01,bourbon_mayaguez,cooperative,2295.96,fly_crop
2021-09-01,bourbon_mayaguez,export,6.61,fly_crop
2021-10-01,bourbon_mayaguez,farmgate,2026.34,fly_crop
2021-10-01,bourbon_mayaguez,cooperative,2178.63,fly_crop
2021-10-01,bourbon_mayaguez,export,6.82,fly_crop
2021-11-01,bourbon_mayaguez,farmgate,1995.05,fly_crop
2021-11-01,bourbon_mayaguez,cooperative,2168.39,fly_crop
2021-11-01,bourbon_mayaguez,export,6.62,fly_crop
2021-12-01,bourbon_mayaguez,farmgate,2173.92,fly_crop
2021-12-01,bourbon_mayaguez,cooperative,2291.62,fly_crop
2021-12-01,bourbon_mayaguez,export,6.58,fly_crop
2022-01-01,bourbon_mayaguez,farmgate,2081.54,off_season
2022-01-01,bourbon_mayaguez,cooperative,2229.48,off_season
2022-01-01,bourbon_mayaguez,export,6.87,off_season
2022-02-01,bourbon_mayaguez,farmgate,2189.12,off_season
2022-02-01,bourbon_mayaguez,cooperative,2358.26,off_season
2022-02-01,bourbon_mayaguez,export,6.8,off_season
2022-03-01,bourbon_mayaguez,farmgate,1971.27,main_harvest
2022-03-01,bourbon_mayaguez,cooperative,2107.5,main_harvest
2022-03-01,bourbon_mayaguez,export,6.98,main_harvest
2022-04-01,bourbon_mayaguez,farmgate,2005.95,main_harvest
2022-04-01,bourbon_mayaguez,cooperative,2174.76,main_harvest
2022-04-01,bourbon_mayaguez,export,6.97,main_harvest
2022-05-01,bourbon_mayaguez,farmgate,1991.93,main_harvest
2022-05-01,bourbon_mayaguez,cooperative,2195.07,main_harvest
2022-05-01,bourbon_mayaguez,export,6.85,main_harvest
2022-06-01,bourbon_mayaguez,farmgate,1963.65,main_harvest
2022-06-01,bourbon_mayaguez,cooperative,2104.76,main_harvest
2022-06-01,bourbon_mayaguez,export,6.64,main_harvest
2022-07-01,bourbon_mayaguez,farmgate,1915.16,main_harvest
2022-07-01,bourbon_mayaguez,cooperative,2049.99,main_harvest
2022-07-01,bourbon_mayaguez,export,6.9,main_harvest
2022-08-01,bourbon_mayaguez,farmgate,2274.48,off_season
2022-08-01,bourbon_mayaguez,cooperative,2457.69,off_season
2022-08-01,bourbon_mayaguez,export,6.81,off_season
2022-09-01,bourbon_mayaguez,farmgate,2233.83,fly_crop
2022-09-01,bourbon_mayaguez,cooperative,2430.37,fly_crop
2022-09-01,bourbon_mayaguez,export,6.97,fly_crop
2022-10-01,bourbon_mayaguez,farmgate,2140.49,fly_crop
2022-10-01,bourbon_mayaguez,cooperative,2324.41,fly_crop
2022-10-01,bourbon_mayaguez,export,7.08,fly_crop
2022-11-01,bourbon_mayaguez,farmgate,2096.23,fly_crop
2022-11-01,bourbon_mayaguez,cooperative,2262.38,fly_crop
2022-11-01,bourbon_mayaguez,export,7.12,fly_crop
2022-12-01,bourbon_mayaguez,farmgate,2140.23,fly_crop
2022-12-01,bourbon_mayaguez,cooperative,2315.84,fly_crop
2022-12-01,bourbon_mayaguez,export,6.73,fly_crop
2023-01-01,bourbon_mayaguez,farmgate,2386.32,off_season
2023-01-01,bourbon_mayaguez,cooperative,2609.39,off_season
2023-01-01,bourbon_mayaguez,export,7.07,off_season
2023-02-01,bourbon_mayaguez,farmgate,2327.95,off_season
2023-02-01,bourbon_mayaguez,cooperative,2453.59,off_season
2023-02-01,bourbon_mayaguez,export,6.87,off_season
2023-03-01,bourbon_mayaguez,farmgate,2031.61,main_harvest
2023-03-01,bourbon_mayaguez,cooperative,2170.61,main_harvest
2023-03-01,bourbon_mayaguez,export,7.31,main_harvest
2023-04-01,bourbon_mayaguez,farmgate,2180.46,main_harvest
2023-04-01,bourbon_mayaguez,cooperative,2327.19,main_harvest
2023-04-01,bourbon_mayaguez,export,6.95,main_harvest
2023-05-01,bourbon_mayaguez,farmgate,2079.31,main_harvest
2023-05-01,bourbon_mayaguez,cooperative,2281.84,main_harvest
2023-05-01,bourbon_mayaguez,export,6.87,main_harvest
2023-06-01,bourbon_mayaguez,farmgate,2087.74,main_harvest
2023-06-01,bourbon_mayaguez,cooperative,2295.83,main_harvest
2023-06-01,bourbon_mayaguez,export,6.79,main_harvest
2023-07-01,bourbon_mayaguez,farmgate,1999.86,main_harvest
2023-07-01,bourbon_mayaguez,cooperative,2150.7,main_harvest
2023-07-01,bourbon_mayaguez,export,7.1,main_harvest
2023-08-01,bourbon_mayaguez,farmgate,2411.16,off_season
2023-08-01,bourbon_mayaguez,cooperative,2610.35,off_season
2023-08-01,bourbon_mayaguez,export,6.86,off_season
2023-09-01,bourbon_mayaguez,farmgate,2308.28,fly_crop
2023-09-01,bourbon_mayaguez,cooperative,2478.54,fly_crop
2023-09-01,bourbon_mayaguez,export,7.65,fly_crop
2023-10-01,bourbon_mayaguez,farmgate,2238.35,fly_crop
2023-10-01,bourbon_mayaguez,cooperative,2402.03,fly_crop
2023-10-01,bourbon_mayaguez,export,7.49,fly_crop
2023-11-01,bourbon_mayaguez,farmgate,2341.87,fly_crop
2023-11-01,bourbon_mayaguez,cooperative,2540.56,fly_crop
2023-11-01,bourbon_mayaguez,export,6.94,fly_crop
2023-12-01,bourbon_mayaguez,farmgate,2334.73,fly_crop
2023-12-01,bourbon_mayaguez,cooperative,2495.43,fly_crop
2023-12-01,bourbon_mayaguez,export,7.46,fly_crop
2024-01-01,bourbon_mayaguez,farmgate,2293.89,off_season
2024-01-01,bourbon_mayaguez,cooperative,2488.46,off_season
2024-01-01,bourbon_mayaguez,export,7.24,off_season
2024-02-01,bourbon_mayaguez,farmgate,2312.2,off_season
2024-02-01,bourbon_mayaguez,cooperative,2515.0,off_season
2024-02-01,bourbon_mayaguez,export,7.54,off_season
2024-03-01,bourbon_mayaguez,farmgate,2100.61,main_harvest
2024-03-01,bourbon_mayaguez,cooperative,2301.58,main_harvest
2024-03-01,bourbon_mayaguez,export,7.33,main_harvest
2024-04-01,bourbon_mayaguez,farmgate,2149.62,main_harvest
2024-04-01,bourbon_mayaguez,cooperative,2327.83,main_harvest
2024-04-01,bourbon_mayaguez,export,7.31,main_harvest
2024-05-01,bourbon_mayaguez,farmgate,2185.54,main_harvest
2024-05-01,bourbon_mayaguez,cooperative,2347.79,main_harvest
2024-05-01,bourbon_mayaguez,export,7.39,main_harvest
2024-06-01,bourbon_mayaguez,farmgate,2251.02,main_harvest
2024-06-01,bourbon_mayaguez,cooperative,2405.8,main_harvest
2024-06-01,bourbon_mayaguez,export,6.89,main_harvest
2024-07-01,bourbon_mayaguez,farmgate,2275.02,main_harvest
2024-07-01,bourbon_mayaguez,cooperative,2519.66,main_harvest
2024-07-01,bourbon_mayaguez,export,7.44,main_harvest
2024-08-01,bourbon_mayaguez,farmgate,2312.98,off_season
2024-08-01,bourbon_mayaguez,cooperative,2490.27,off_season
2024-08-01,bourbon_mayaguez,export,7.55,off_season
2024-09-01,bourbon_mayaguez,farmgate,2357.66,fly_crop
2024-09-01,bourbon_mayaguez,cooperative,2517.93,fly_crop
2024-09-01,bourbon_mayaguez,export,7.79,fly_crop
2024-10-01,bourbon_mayaguez,farmgate,2416.78,fly_crop
2024-10-01,bourbon_mayaguez,cooperative,2571.12,fly_crop
2024-10-01,bourbon_mayaguez,export,7.85,fly_crop
2024-11-01,bourbon_mayaguez,farmgate,2534.54,fly_crop
2024-11-01,bourbon_mayaguez,cooperative,2742.01,fly_crop
2024-11-01,bourbon_mayaguez,export,7.6,fly_crop
2024-12-01,bourbon_mayaguez,farmgate,2385.48,fly_crop
2024-12-01,bourbon_mayaguez,cooperative,2592.17,fly_crop
2024-12-01,bourbon_mayaguez,export,7.25,fly_crop
2019-01-01,jackson,farmgate,1704.36,off_season
2019-01-01,jackson,cooperative,1833.53,off_season
2019-01-01,jackson,export,5.41,off_season
2019-02-01,jackson,farmgate,1694.73,off_season
2019-02-01,jackson,cooperative,1860.84,off_season
2019-02-01,jackson,export,4.91,off_season
2019-03-01,jackson,farmgate,1544.27,main_harvest
2019-03-01,jackson,cooperative,1673.14,main_harvest
2019-03-01,jackson,export,4.93,main_harvest
2019-04-01,jackson,farmgate,1532.42,main_harvest
2019-04-01,jackson,cooperative,1675.08,main_harvest
2019-04-01,jackson,export,5.05,main_harvest
2019-05-01,jackson,farmgate,1453.36,main_harvest
2019-05-01,jackson,cooperative,1569.35,main_harvest
2019-05-01,jackson,export,4.97,main_harvest
2019-06-01,jackson,farmgate,1522.05,main_harvest
2019-06-01,jackson,cooperative,1642.47,main_harvest
2019-06-01,jackson,export,4.85,main_harvest
2019-07-01,jackson,farmgate,1469.74,main_harvest
2019-07-01,jackson,cooperative,1594.97,main_harvest
2019-07-01,jackson,export,5.09,main_harvest
2019-08-01,jackson,farmgate,1614.82,off_season
2019-08-01,jackson,cooperative,1757.69,off_season
2019-08-01,jackson,export,5.29,off_season
2019-09-01,jackson,farmgate,1654.54,fly_crop
2019-09-01,jackson,cooperative,1763.38,fly_crop
2019-09-01,jackson,export,5.41,fly_crop
2019-10-01,jackson,farmgate,1715.89,fly_crop
2019-10-01,jackson,cooperative,1897.32,fly_crop
2019-10-01,jackson,export,5.35,fly_crop
2019-11-01,jackson,farmgate,1725.28,fly_crop
2019-11-01,jackson,cooperative,1860.19,fly_crop
2019-11-01,jackson,export,5.45,fly_crop
2019-12-01,jackson,farmgate,1744.9,fly_crop
2019-12-01,jackson,cooperative,1908.08,fly_crop
2019-12-01,jackson,export,5.22,fly_crop
2020-01-01,jackson,farmgate,1764.23,off_season
2020-01-01,jackson,cooperative,1896.24,off_season
2020-01-01,jackson,export,5.5,off_season
2020-02-01,jackson,farmgate,1875.91,off_season
2020-02-01,jackson,cooperative,2016.69,off_season
2020-02-01,jackson,export,5.3,off_season
2020-03-01,jackson,farmgate,1613.82,main_harvest
2020-03-01,jackson,cooperative,1738.64,main_harvest
2020-03-01,jackson,export,5.54,main_harvest
2020-04-01,jackson,farmgate,1497.06,main_harvest
2020-04-01,jackson,cooperative,1603.46,main_harvest
2020-04-01,jackson,export,5.24,main_harvest
2020-05-01,jackson,farmgate,1500.06,main_harvest
2020-05-01,jackson,cooperative,1604.45,main_harvest
2020-05-01,jackson,export,5.23,main_harvest
2020-06-01,jackson,farmgate,1609.29,main_harvest
2020-06-01,jackson,cooperative,1757.37,main_harvest
2020-06-01,jackson,export,5.38,main_harvest
2020-07-01,jackson,farmgate,1575.55,main_harvest
2020-07-01,jackson,cooperative,1700.62,main_harvest
2020-07-01,jackson,export,5.65,main_harvest
2020-08-01,jackson,farmgate,1787.11,off_season
2020-08-01,jackson,cooperative,1912.5,off_season
2020-08-01,jackson,export,5.62,off_season
2020-09-01,jackson,farmgate,1767.06,fly_crop
2020-09-01,jackson,cooperative,1920.78,fly_crop
2020-09-01,jackson,export,5.52,fly_crop
2020-10-01,jackson,farmgate,1823.82,fly_crop
2020-10-01,jackson,cooperative,1949.34,fly_crop
2020-10-01,jackson,export,5.55,fly_crop
2020-11-01,jackson,farmgate,1782.23,fly_crop
2020-11-01,jackson,cooperative,1901.41,fly_crop
2020-11-01,jackson,export,5.27,fly_crop
2020-12-01,jackson,farmgate,1837.96,fly_crop
2020-12-01,jackson,cooperative,1978.03,fly_crop
2020-12-01,jackson,export,5.39,fly_crop
2021-01-01,jackson,farmgate,1873.75,off_season
2021-01-01,jackson,cooperative,2046.47,off_season
2021-01-01,jackson,export,5.18,off_season
2021-02-01,jackson,farmgate,1802.08,off_season
2021-02-01,jackson,cooperative,1928.29,off_season
2021-02-01,jackson,export,5.94,off_season
2021-03-01,jackson,farmgate,1694.21,main_harvest
2021-03-01,jackson,cooperative,1843.79,main_harvest
2021-03-01,jackson,export,5.41,main_harvest
2021-04-01,jackson,farmgate,1630.09,main_harvest
2021-04-01,jackson,cooperative,1768.38,main_harvest
2021-04-01,jackson,export,5.67,main_harvest
2021-05-01,jackson,farmgate,1721.38,main_harvest
2021-05-01,jackson,cooperative,1855.6,main_harvest
2021-05-01,jackson,export,5.73,main_harvest
2021-06-01,jackson,farmgate,1708.34,main_harvest
2021-06-01,jackson,cooperative,1859.35,main_harvest
2021-06-01,jackson,export,5.86,main_harvest
2021-07-01,jackson,farmgate,1624.08,main_harvest
2021-07-01,jackson,cooperative,1714.59,main_harvest
2021-07-01,jackson,export,5.93,main_harvest
2021-08-01,jackson,farmgate,2001.45,off_season
2021-08-01,jackson,cooperative,2139.51,off_season
2021-08-01,jackson,export,5.41,off_season
2021-09-01,jackson,farmgate,1872.55,fly_crop
2021-09-01,jackson,cooperative,2041.18,fly_crop
2021-09-01,jackson,export,6.16,fly_crop
2021-10-01,jackson,farmgate,1903.38,fly_crop
2021-10-01,jackson,cooperative,2048.01,fly_crop
2021-10-01,jackson,export,5.64,fly_crop
2021-11-01,jackson,farmgate,1882.34,fly_crop
2021-11-01,jackson,cooperative,2026.85,fly_crop
2021-11-01,jackson,export,5.64,fly_crop
2021-12-01,jackson,farmgate,2005.15,fly_crop
2021-12-01,jackson,cooperative,2204.22,fly_crop
2021-12-01,jackson,export,6.1,fly_crop
2022-01-01,jackson,farmgate,1916.31,off_season
2022-01-01,jackson,cooperative,2087.31,off_season
2022-01-01,jackson,export,6.04,off_season
2022-02-01,jackson,farmgate,2004.65,off_season
2022-02-01,jackson,cooperative,2192.08,off_season
2022-02-01,jackson,export,6.06,off_season
2022-03-01,jackson,farmgate,1800.28,main_harvest
2022-03-01,jackson,cooperative,1956.69,main_harvest
2022-03-01,jackson,export,5.98,main_harvest
2022-04-01,jackson,farmgate,1673.35,main_harvest
2022-04-01,jackson,cooperative,1808.73,main_harvest
2022-04-01,jackson,export,5.81,main_harvest
2022-05-01,jackson,farmgate,1706.58,main_harvest
2022-05-01,jackson,cooperative,1874.1,main_harvest
2022-05-01,jackson,export,6.31,main_harvest
2022-06-01,jackson,farmgate,1854.13,main_harvest
2022-06-01,jackson,cooperative,2007.57,main_harvest
2022-06-01,jackson,export,6.26,main_harvest
2022-07-01,jackson,farmgate,1788.9,main_harvest
2022-07-01,jackson,cooperative,1935.93,main_harvest
2022-07-01,jackson,export,5.77,main_harvest
2022-08-01,jackson,farmgate,2048.28,off_season
2022-08-01,jackson,cooperative,2213.48,off_season
2022-08-01,jackson,export,5.79,off_season
2022-09-01,jackson,farmgate,1952.13,fly_crop
2022-09-01,jackson,cooperative,2106.62,fly_crop
2022-09-01,jackson,export,6.45,fly_crop
2022-10-01,jackson,farmgate,2015.13,fly_crop
2022-10-01,jackson,cooperative,2176.59,fly_crop
2022-10-01,jackson,export,6.15,fly_crop
2022-11-01,jackson,farmgate,1972.44,fly_crop
2022-11-01,jackson,cooperative,2125.91,fly_crop
2022-11-01,jackson,export,5.89,fly_crop
2022-12-01,jackson,farmgate,1968.21,fly_crop
2022-12-01,jackson,cooperative,2109.81,fly_crop
2022-12-01,jackson,export,5.87,fly_crop
2023-01-01,jackson,farmgate,2093.97,off_season
2023-01-01,jackson,cooperative,2270.33,off_season
2023-01-01,jackson,export,5.79,off_season
2023-02-01,jackson,farmgate,2062.35,off_season
2023-02-01,jackson,cooperative,2249.51,off_season
2023-02-01,jackson,export,6.43,off_season
2023-03-01,jackson,farmgate,1899.1,main_harvest
2023-03-01,jackson,cooperative,2051.83,main_harvest
2023-03-01,jackson,export,6.0,main_harvest
2023-04-01,jackson,farmgate,1789.05,main_harvest
2023-04-01,jackson,cooperative,1938.83,main_harvest
2023-04-01,jackson,export,6.28,main_harvest
2023-05-01,jackson,farmgate,1927.61,main_harvest
2023-05-01,jackson,cooperative,2104.72,main_harvest
2023-05-01,jackson,export,6.2,main_harvest
2023-06-01,jackson,farmgate,1793.18,main_harvest
2023-06-01,jackson,cooperative,1930.45,main_harvest
2023-06-01,jackson,export,6.29,main_harvest
2023-07-01,jackson,farmgate,1858.14,main_harvest
2023-07-01,jackson,cooperative,1995.19,main_harvest
2023-07-01,jackson,export,6.33,main_harvest
2023-08-01,jackson,farmgate,2083.77,off_season
2023-08-01,jackson,cooperative,2236.34,off_season
2023-08-01,jackson,export,6.41,off_season
2023-09-01,jackson,farmgate,2018.62,fly_crop
2023-09-01,jackson,cooperative,2185.43,fly_crop
2023-09-01,jackson,export,6.41,fly_crop
2023-10-01,jackson,farmgate,1980.51,fly_crop
2023-10-01,jackson,cooperative,2128.66,fly_crop
2023-10-01,jackson,export,6.69,fly_crop
2023-11-01,jackson,farmgate,1986.21,fly_crop
2023-11-01,jackson,cooperative,2099.7,fly_crop
2023-11-01,jackson,export,5.98,fly_crop
2023-12-01,jackson,farmgate,2067.1,fly_crop
2023-12-01,jackson,cooperative,2233.16,fly_crop
2023-12-01,jackson,export,6.39,fly_crop
2024-01-01,jackson,farmgate,2232.38,off_season
2024-01-01,jackson,cooperative,2346.53,off_season
2024-01-01,jackson,export,6.54,off_season
2024-02-01,jackson,farmgate,2262.81,off_season
2024-02-01,jackson,cooperative,2416.27,off_season
2024-02-01,jackson,export,6.39,off_season
2024-03-01,jackson,farmgate,1880.17,main_harvest
2024-03-01,jackson,cooperative,2012.42,main_harvest
2024-03-01,jackson,export,6.38,main_harvest
2024-04-01,jackson,farmgate,2013.05,main_harvest
2024-04-01,jackson,cooperative,2214.04,main_harvest
2024-04-01,jackson,export,6.4,main_harvest
2024-05-01,jackson,farmgate,2047.86,main_harvest
2024-05-01,jackson,cooperative,2212.48,main_harvest
2024-05-01,jackson,export,6.9,main_harvest
2024-06-01,jackson,farmgate,1938.48,main_harvest
2024-06-01,jackson,cooperative,2096.3,main_harvest
2024-06-01,jackson,export,6.6,main_harvest
2024-07-01,jackson,farmgate,2136.72,main_harvest
2024-07-01,jackson,cooperative,2327.3,main_harvest
2024-07-01,jackson,export,6.38,main_harvest
2024-08-01,jackson,farmgate,2271.51,off_season
2024-08-01,jackson,cooperative,2444.36,off_season
2024-08-01,jackson,export,6.5,off_season
2024-09-01,jackson,farmgate,2189.49,fly_crop
2024-09-01,jackson,cooperative,2365.38,fly_crop
2024-09-01,jackson,export,6.68,fly_crop
2024-10-01,jackson,farmgate,2139.63,fly_crop
2024-10-01,jackson,cooperative,2318.58,fly_crop
2024-10-01,jackson,export,6.74,fly_crop
2024-11-01,jackson,farmgate,2021.37,fly_crop
2024-11-01,jackson,cooperative,2197.64,fly_crop
2024-11-01,jackson,export,6.44,fly_crop
2024-12-01,jackson,farmgate,2060.25,fly_crop
2024-12-01,jackson,cooperative,2223.77,fly_crop
2024-12-01,jackson,export,6.71,fly_crop
2019-01-01,robusta,farmgate,1245.54,off_season
2019-01-01,robusta,cooperative,1356.36,off_season
2019-01-01,robusta,export,3.17,off_season
2019-02-01,robusta,farmgate,1262.13,off_season
2019-02-01,robusta,cooperative,1355.12,off_season
2019-02-01,robusta,export,3.33,off_season
2019-03-01,robusta,farmgate,1147.67,main_harvest
2019-03-01,robusta,cooperative,1226.99,main_harvest
2019-03-01,robusta,export,3.41,main_harvest
2019-04-01,robusta,farmgate,1145.39,main_harvest
2019-04-01,robusta,cooperative,1213.62,main_harvest
2019-04-01,robusta,export,3.11,main_harvest
2019-05-01,robusta,farmgate,1147.88,main_harvest
2019-05-01,robusta,cooperative,1236.97,main_harvest
2019-05-01,robusta,export,3.35,main_harvest
2019-06-01,robusta,farmgate,1152.41,main_harvest
2019-06-01,robusta,cooperative,1247.41,main_harvest
2019-06-01,robusta,export,3.48,main_harvest
2019-07-01,robusta,farmgate,1119.84,main_harvest
2019-07-01,robusta,cooperative,1195.25,main_harvest
2019-07-01,robusta,export,3.26,main_harvest
2019-08-01,robusta,farmgate,1323.44,off_season
2019-08-01,robusta,cooperative,1447.11,off_season
2019-08-01,robusta,export,3.38,off_season
2019-09-01,robusta,farmgate,1172.89,fly_crop
2019-09-01,robusta,cooperative,1245.14,fly_crop
2019-09-01,robusta,export,3.33,fly_crop
2019-10-01,robusta,farmgate,1252.26,fly_crop
2019-10-01,robusta,cooperative,1346.92,fly_crop
2019-10-01,robusta,export,3.45,fly_crop
2019-11-01,robusta,farmgate,1267.12,fly_crop
2019-11-01,robusta,cooperative,1382.85,fly_crop
2019-11-01,robusta,export,3.38,fly_crop
2019-12-01,robusta,farmgate,1251.36,fly_crop
2019-12-01,robusta,cooperative,1357.94,fly_crop
2019-12-01,robusta,export,3.29,fly_crop
2020-01-01,robusta,farmgate,1356.36,off_season
2020-01-01,robusta,cooperative,1466.37,off_season
2020-01-01,robusta,export,3.48,off_season
2020-02-01,robusta,farmgate,1410.57,off_season
2020-02-01,robusta,cooperative,1513.93,off_season
2020-02-01,robusta,export,3.77,off_season
2020-03-01,robusta,farmgate,1190.95,main_harvest
2020-03-01,robusta,cooperative,1269.81,main_harvest
2020-03-01,robusta,export,3.51,main_harvest
2020-04-01,robusta,farmgate,1165.26,main_harvest
2020-04-01,robusta,cooperative,1249.02,main_harvest
2020-04-01,robusta,export,3.57,main_harvest
2020-05-01,robusta,farmgate,1229.37,main_harvest
2020-05-01,robusta,cooperative,1319.46,main_harvest
2020-05-01,robusta,export,3.66,main_harvest
2020-06-01,robusta,farmgate,1256.46,main_harvest
2020-06-01,robusta,cooperative,1376.47,main_harvest
2020-06-01,robusta,export,3.62,main_harvest
2020-07-01,robusta,farmgate,1269.24,main_harvest
2020-07-01,robusta,cooperative,1345.0,main_harvest
2020-07-01,robusta,export,3.53,main_harvest
2020-08-01,robusta,farmgate,1344.84,off_season
2020-08-01,robusta,cooperative,1454.16,off_season
2020-08-01,robusta,export,3.53,off_season
2020-09-01,robusta,farmgate,1327.51,fly_crop
2020-09-01,robusta,cooperative,1460.7,fly_crop
2020-09-01,robusta,export,3.59,fly_crop
2020-10-01,robusta,farmgate,1356.3,fly_crop
2020-10-01,robusta,cooperative,1461.4,fly_crop
2020-10-01,robusta,export,3.64,fly_crop
2020-11-01,robusta,farmgate,1345.42,fly_crop
2020-11-01,robusta,cooperative,1459.57,fly_crop
2020-11-01,robusta,export,3.79,fly_crop
2020-12-01,robusta,farmgate,1417.44,fly_crop
2020-12-01,robusta,cooperative,1535.57,fly_crop
2020-12-01,robusta,export,3.73,fly_crop
2021-01-01,robusta,farmgate,1360.72,off_season
2021-01-01,robusta,cooperative,1468.28,off_season
2021-01-01,robusta,export,3.8,off_season
2021-02-01,robusta,farmgate,1451.86,off_season
2021-02-01,robusta,cooperative,1571.33,off_season
2021-02-01,robusta,export,3.81,off_season
2021-03-01,robusta,farmgate,1278.53,main_harvest
2021-03-01,robusta,cooperative,1397.38,main_harvest
2021-03-01,robusta,export,3.72,main_harvest
2021-04-01,robusta,farmgate,1251.55,main_harvest
2021-04-01,robusta,cooperative,1356.22,main_harvest
2021-04-01,robusta,export,3.32,main_harvest
2021-05-01,robusta,farmgate,1284.72,main_harvest
2021-05-01,robusta,cooperative,1336.87,main_harvest
2021-05-01,robusta,export,3.49,main_harvest
2021-06-01,robusta,farmgate,1292.49,main_harvest
2021-06-01,robusta,cooperative,1402.55,main_harvest
2021-06-01,robusta,export,3.58,main_harvest
2021-07-01,robusta,farmgate,1252.93,main_harvest
2021-07-01,robusta,cooperative,1371.71,main_harvest
2021-07-01,robusta,export,3.68,main_harvest
2021-08-01,robusta,farmgate,1546.97,off_season
2021-08-01,robusta,cooperative,1670.7,off_season
2021-08-01,robusta,export,3.84,off_season
2021-09-01,robusta,farmgate,1468.18,fly_crop
2021-09-01,robusta,cooperative,1587.71,fly_crop
2021-09-01,robusta,export,3.66,fly_crop
2021-10-01,robusta,farmgate,1401.14,fly_crop
2021-10-01,robusta,cooperative,1512.69,fly_crop
2021-10-01,robusta,export,3.62,fly_crop
2021-11-01,robusta,farmgate,1400.44,fly_crop
2021-11-01,robusta,cooperative,1501.25,fly_crop
2021-11-01,robusta,export,3.95,fly_crop
2021-12-01,robusta,farmgate,1418.25,fly_crop
2021-12-01,robusta,cooperative,1527.38,fly_crop
2021-12-01,robusta,export,3.82,fly_crop
2022-01-01,robusta,farmgate,1487.96,off_season
2022-01-01,robusta,cooperative,1616.91,off_season
2022-01-01,robusta,export,3.73,off_season
2022-02-01,robusta,farmgate,1437.42,off_season
2022-02-01,robusta,cooperative,1569.57,off_season
2022-02-01,robusta,export,3.82,off_season
2022-03-01,robusta,farmgate,1264.74,main_harvest
2022-03-01,robusta,cooperative,1371.98,main_harvest
2022-03-01,robusta,export,3.92,main_harvest
2022-04-01,robusta,farmgate,1265.07,main_harvest
2022-04-01,robusta,cooperative,1369.42,main_harvest
2022-04-01,robusta,export,3.98,main_harvest
2022-05-01,robusta,farmgate,1345.99,main_harvest
2022-05-01,robusta,cooperative,1462.86,main_harvest
2022-05-01,robusta,export,3.7,main_harvest
2022-06-01,robusta,farmgate,1349.39,main_harvest
2022-06-01,robusta,cooperative,1452.93,main_harvest
2022-06-01,robusta,export,3.84,main_harvest
2022-07-01,robusta,farmgate,1376.22,main_harvest
2022-07-01,robusta,cooperative,1508.3,main_harvest
2022-07-01,robusta,export,4.17,main_harvest
2022-08-01,robusta,farmgate,1578.01,off_season
2022-08-01,robusta,cooperative,1702.38,off_season
2022-08-01,robusta,export,4.01,off_season
2022-09-01,robusta,farmgate,1500.08,fly_crop
2022-09-01,robusta,cooperative,1622.05,fly_crop
2022-09-01,robusta,export,3.99,fly_crop
2022-10-01,robusta,farmgate,1508.23,fly_crop
2022-10-01,robusta,cooperative,1627.93,fly_crop
2022-10-01,robusta,export,3.88,fly_crop
2022-11-01,robusta,farmgate,1459.0,fly_crop
2022-11-01,robusta,cooperative,1585.71,fly_crop
2022-11-01,robusta,export,4.0,fly_crop
2022-12-01,robusta,farmgate,1498.01,fly_crop
2022-12-01,robusta,cooperative,1628.69,fly_crop
2022-12-01,robusta,export,3.96,fly_crop
2023-01-01,robusta,farmgate,1581.84,off_season
2023-01-01,robusta,cooperative,1714.86,off_season
2023-01-01,robusta,export,3.87,off_season
2023-02-01,robusta,farmgate,1619.65,off_season
2023-02-01,robusta,cooperative,1740.46,off_season
2023-02-01,robusta,export,3.82,off_season
2023-03-01,robusta,farmgate,1338.48,main_harvest
2023-03-01,robusta,cooperative,1430.8,main_harvest
2023-03-01,robusta,export,4.05,main_harvest
2023-04-01,robusta,farmgate,1375.48,main_harvest
2023-04-01,robusta,cooperative,1480.52,main_harvest
2023-04-01,robusta,export,4.14,main_harvest
2023-05-01,robusta,farmgate,1406.14,main_harvest
2023-05-01,robusta,cooperative,1523.44,main_harvest
2023-05-01,robusta,export,4.13,main_harvest
2023-06-01,robusta,farmgate,1422.85,main_harvest
2023-06-01,robusta,cooperative,1504.29,main_harvest
2023-06-01,robusta,export,4.03,main_harvest
2023-07-01,robusta,farmgate,1310.4,main_harvest
2023-07-01,robusta,cooperative,1415.74,main_harvest
2023-07-01,robusta,export,4.1,main_harvest
2023-08-01,robusta,farmgate,1636.59,off_season
2023-08-01,robusta,cooperative,1788.51,off_season
2023-08-01,robusta,export,4.17,off_season
2023-09-01,robusta,farmgate,1509.44,fly_crop
2023-09-01,robusta,cooperative,1638.11,fly_crop
2023-09-01,robusta,export,4.07,fly_crop
2023-10-01,robusta,farmgate,1537.89,fly_crop
2023-10-01,robusta,cooperative,1677.3,fly_crop
2023-10-01,robusta,export,4.08,fly_crop
2023-11-01,robusta,farmgate,1580.77,fly_crop
2023-11-01,robusta,cooperative,1718.8,fly_crop
2023-11-01,robusta,export,4.04,fly_crop
2023-12-01,robusta,farmgate,1594.23,fly_crop
2023-12-01,robusta,cooperative,1733.79,fly_crop
2023-12-01,robusta,export,4.21,fly_crop
2024-01-01,robusta,farmgate,1578.5,off_season
2024-01-01,robusta,cooperative,1690.13,off_season
2024-01-01,robusta,export,4.14,off_season
2024-02-01,robusta,farmgate,1647.55,off_season
2024-02-01,robusta,cooperative,1762.35,off_season
2024-02-01,robusta,export,4.3,off_season
2024-03-01,robusta,farmgate,1388.97,main_harvest
2024-03-01,robusta,cooperative,1497.02,main_harvest
2024-03-01,robusta,export,4.23,main_harvest
2024-04-01,robusta,farmgate,1553.99,main_harvest
2024-04-01,robusta,cooperative,1655.19,main_harvest
2024-04-01,robusta,export,4.45,main_harvest
2024-05-01,robusta,farmgate,1459.4,main_harvest
2024-05-01,robusta,cooperative,1582.63,main_harvest
2024-05-01,robusta,export,4.27,main_harvest
2024-06-01,robusta,farmgate,1477.39,main_harvest
2024-06-01,robusta,cooperative,1593.13,main_harvest
2024-06-01,robusta,export,4.48,main_harvest
2024-07-01,robusta,farmgate,1442.98,main_harvest
2024-07-01,robusta,cooperative,1576.06,main_harvest
2024-07-01,robusta,export,4.18,main_harvest
2024-08-01,robusta,farmgate,1652.52,off_season
2024-08-01,robusta,cooperative,1765.59,off_season
2024-08-01,robusta,export,4.39,off_season
2024-09-01,robusta,farmgate,1667.85,fly_crop
2024-09-01,robusta,cooperative,1799.88,fly_crop
2024-09-01,robusta,export,4.3,fly_crop
2024-10-01,robusta,farmgate,1550.41,fly_crop
2024-10-01,robusta,cooperative,1670.61,fly_crop
2024-10-01,robusta,export,4.1,fly_crop
2024-11-01,robusta,farmgate,1565.48,fly_crop
2024-11-01,robusta,cooperative,1694.55,fly_crop
2024-11-01,robusta,export,4.56,fly_crop
2024-12-01,robusta,farmgate,1751.18,fly_crop
2024-12-01,robusta,cooperative,1880.18,fly_crop
2024-12-01,robusta,export,4.59,fly_crop
